/*
Navicat MySQL Data Transfer

Source Server         : studypython
Source Server Version : 80026
Source Host           : localhost:3306
Source Database       : onlineforumplatform

Target Server Type    : MYSQL
Target Server Version : 80026
File Encoding         : 65001

Date: 2022-04-27 20:59:13
*/

SET FOREIGN_KEY_CHECKS=0;

-- ----------------------------
-- Table structure for ban
-- ----------------------------
DROP TABLE IF EXISTS `ban`;
CREATE TABLE `ban` (
  `email` varchar(255) DEFAULT NULL,
  `comment` varchar(20) CHARACTER SET utf8mb4 COLLATE utf8mb4_0900_ai_ci DEFAULT NULL,
  `id` int NOT NULL AUTO_INCREMENT,
  PRIMARY KEY (`id`)
) ENGINE=InnoDB AUTO_INCREMENT=4 DEFAULT CHARSET=utf8mb4 COLLATE=utf8mb4_0900_ai_ci;

-- ----------------------------
-- Records of ban
-- ----------------------------
INSERT INTO `ban` VALUES ('1379255913@qq.com', '', '1');
INSERT INTO `ban` VALUES ('1234@qq.com', '', '2');
INSERT INTO `ban` VALUES ('1147504642@qq.com', '', '3');

-- ----------------------------
-- Table structure for comment
-- ----------------------------
DROP TABLE IF EXISTS `comment`;
CREATE TABLE `comment` (
  `Cno` varchar(128) NOT NULL,
  `Ino` varchar(128) NOT NULL,
  `comment` text,
  `comment_time` datetime NOT NULL DEFAULT '1999-09-09 09:09:09',
  `email` varchar(128) DEFAULT NULL,
  `shop` varchar(255) DEFAULT NULL,
  `id` int NOT NULL AUTO_INCREMENT,
  `ban` int DEFAULT '0',
  PRIMARY KEY (`id`),
  KEY `Comment_Issue_Ino_fk` (`Ino`),
  KEY `Comment_UserInformation_email_fk` (`email`),
  CONSTRAINT `Comment_Issue_Ino_fk` FOREIGN KEY (`Ino`) REFERENCES `issue` (`Ino`),
  CONSTRAINT `Comment_UserInformation_email_fk` FOREIGN KEY (`email`) REFERENCES `userinformation` (`email`)
) ENGINE=InnoDB AUTO_INCREMENT=16 DEFAULT CHARSET=utf8mb4 COLLATE=utf8mb4_0900_ai_ci;

-- ----------------------------
-- Records of comment
-- ----------------------------
INSERT INTO `comment` VALUES ('1', 'UQKNLQTOHPDZGAJBDNSQQVWPULWWOJWXXUBJHGWOVQGMYWXAVDBCJFJAXHHCWKGOPKGKYHSDMRJQEQENOHEUQRWBYIDNKLXZPLIYZXBBFHKYGRQDITMTVOXCPLFAUYAK', '<p>1223</p>', '2022-02-08 14:20:38', '1379255913@qq.com', '1234@qq.com', '1', '0');
INSERT INTO `comment` VALUES ('2', 'UQKNLQTOHPDZGAJBDNSQQVWPULWWOJWXXUBJHGWOVQGMYWXAVDBCJFJAXHHCWKGOPKGKYHSDMRJQEQENOHEUQRWBYIDNKLXZPLIYZXBBFHKYGRQDITMTVOXCPLFAUYAK', '<p>122334556<br/></p>', '2022-02-08 14:21:02', '1379255913@qq.com', null, '2', '0');
INSERT INTO `comment` VALUES ('3', 'UQKNLQTOHPDZGAJBDNSQQVWPULWWOJWXXUBJHGWOVQGMYWXAVDBCJFJAXHHCWKGOPKGKYHSDMRJQEQENOHEUQRWBYIDNKLXZPLIYZXBBFHKYGRQDITMTVOXCPLFAUYAK', '<p>订单 的</p>', '2022-02-08 14:49:31', '1379255913@qq.com', null, '3', '0');
INSERT INTO `comment` VALUES ('1', 'SZGZCUBCRRVZUBASTWQMSWMJIQTMBYTMAIAVSUTWYOFVBRFUKLFUUOILOGFSYLUPGLEOXPJZGEMBUALTSUVYEVUUUJZITWTVFTZMWQSUDMRJLFPPXOPMBSGLMXDLSEIQ', '<p>好！太好了！便宜又好吃！9块9吃9伯9十9个炸鸡！好！</p>', '2022-03-31 18:50:06', '1147504642@qq.com', '1147504642@qq.com', '4', '0');
INSERT INTO `comment` VALUES ('4', 'UQKNLQTOHPDZGAJBDNSQQVWPULWWOJWXXUBJHGWOVQGMYWXAVDBCJFJAXHHCWKGOPKGKYHSDMRJQEQENOHEUQRWBYIDNKLXZPLIYZXBBFHKYGRQDITMTVOXCPLFAUYAK', '<p>你好&nbsp; &nbsp; &nbsp; &nbsp; &nbsp; &nbsp; &nbsp; &nbsp; &nbsp; &nbsp; &nbsp; &nbsp;</p>', '2022-03-31 19:01:03', '1669164701@qq.com', null, '5', '0');
INSERT INTO `comment` VALUES ('5', 'UQKNLQTOHPDZGAJBDNSQQVWPULWWOJWXXUBJHGWOVQGMYWXAVDBCJFJAXHHCWKGOPKGKYHSDMRJQEQENOHEUQRWBYIDNKLXZPLIYZXBBFHKYGRQDITMTVOXCPLFAUYAK', '<p>nihao&nbsp; &nbsp; &nbsp; &nbsp; &nbsp; &nbsp; &nbsp; &nbsp; &nbsp;</p>', '2022-03-31 19:01:30', 'e@qq.com', null, '6', '0');
INSERT INTO `comment` VALUES ('1', 'DOQQAKYTVUVOVDKMMXBZCNXLQQPPDYRGBLDSLKFURODYGKKRWUDWFTWTTXYZRQSHHQBVDGPKJRLKTYFPGRLHFEMUGDURVDGMZCUEJEKDFONQWLYDYHLLUWXDKPUARONS', '<p>针不辍 住在山里面针布戳</p>', '2022-03-31 19:01:40', '1669164701@qq.com', '1234@qq.com', '7', '0');
INSERT INTO `comment` VALUES ('1', 'FGPEZTDBBOFTDSKXZYWSTTPQWXFASDHYUCFUXCHCKLTRXZXFTYWXFHLYMUMMTLZBOYGCOLPXFNAXIKTHOHEFOKIWONQHYMDKCCDFOVPTPNIKXUEDCDVJYJWIBHQQYRCH', '<p>测试123</p>', '2022-04-06 16:50:47', '2950422403@qq.com', '1234@qq.com', '8', '0');
INSERT INTO `comment` VALUES ('2', 'FGPEZTDBBOFTDSKXZYWSTTPQWXFASDHYUCFUXCHCKLTRXZXFTYWXFHLYMUMMTLZBOYGCOLPXFNAXIKTHOHEFOKIWONQHYMDKCCDFOVPTPNIKXUEDCDVJYJWIBHQQYRCH', '<p><img src=\"http://127.0.0.1:5000/static/ueditor/php/upload/image/2022415/135318174917.png\" title=\"]}428`G6P1W3GJDJ6_Z~2EQ.png\" alt=\"]}428`G6P1W3GJDJ6_Z~2EQ.png\"/></p>', '2022-04-15 13:53:22', '1379255913@qq.com', null, '9', '0');
INSERT INTO `comment` VALUES ('2', 'DOQQAKYTVUVOVDKMMXBZCNXLQQPPDYRGBLDSLKFURODYGKKRWUDWFTWTTXYZRQSHHQBVDGPKJRLKTYFPGRLHFEMUGDURVDGMZCUEJEKDFONQWLYDYHLLUWXDKPUARONS', '<p>&nbsp; &nbsp; &nbsp; &nbsp; &nbsp; &nbsp; &nbsp; &nbsp; &nbsp;hello world&nbsp; &nbsp; &nbsp; &nbsp; &nbsp; &nbsp; &nbsp; &nbsp; &nbsp; &nbsp; &nbsp; &nbsp; &nbsp;&nbsp;</p>', '2022-04-15 21:42:51', '2691959315@qq.com', null, '10', '0');
INSERT INTO `comment` VALUES ('3', 'DOQQAKYTVUVOVDKMMXBZCNXLQQPPDYRGBLDSLKFURODYGKKRWUDWFTWTTXYZRQSHHQBVDGPKJRLKTYFPGRLHFEMUGDURVDGMZCUEJEKDFONQWLYDYHLLUWXDKPUARONS', '<p>&nbsp; &nbsp; &nbsp; &nbsp; &nbsp; &nbsp; &nbsp; &nbsp; &nbsp; &nbsp; &nbsp; &nbsp; &nbsp;</p><table><tbody><tr class=\"firstRow\"><td width=\"105\" valign=\"top\"><br/></td><td width=\"105\" valign=\"top\"><br/></td><td width=\"105\" valign=\"top\"><br/></td><td width=\"105\" valign=\"top\"><br/></td><td width=\"105\" valign=\"top\"><br/></td><td width=\"105\" valign=\"top\"><br/></td><td width=\"105\" valign=\"top\"><br/></td><td width=\"105\" valign=\"top\"><br/></td></tr><tr><td width=\"105\" valign=\"top\"><br/></td><td width=\"105\" valign=\"top\"><br/></td><td width=\"105\" valign=\"top\"><br/></td><td width=\"105\" valign=\"top\"><br/></td><td width=\"105\" valign=\"top\"><br/></td><td width=\"105\" valign=\"top\"><br/></td><td width=\"105\" valign=\"top\"><br/></td><td width=\"105\" valign=\"top\"><br/></td></tr><tr><td width=\"105\" valign=\"top\"><br/></td><td width=\"105\" valign=\"top\"><br/></td><td width=\"105\" valign=\"top\"><br/></td><td width=\"105\" valign=\"top\"><br/></td><td width=\"105\" valign=\"top\"><br/></td><td width=\"105\" valign=\"top\"><br/></td><td width=\"105\" valign=\"top\"><br/></td><td width=\"105\" valign=\"top\"><br/></td></tr><tr><td width=\"105\" valign=\"top\"><br/></td><td width=\"105\" valign=\"top\"><br/></td><td width=\"105\" valign=\"top\"><br/></td><td width=\"105\" valign=\"top\"><br/></td><td width=\"105\" valign=\"top\"><br/></td><td width=\"105\" valign=\"top\"><br/></td><td width=\"105\" valign=\"top\"><br/></td><td width=\"105\" valign=\"top\"><br/></td></tr><tr><td width=\"105\" valign=\"top\"><br/></td><td width=\"105\" valign=\"top\"><br/></td><td width=\"105\" valign=\"top\"><br/></td><td width=\"105\" valign=\"top\"><br/></td><td width=\"105\" valign=\"top\"><br/></td><td width=\"105\" valign=\"top\"><br/></td><td width=\"105\" valign=\"top\"><br/></td><td width=\"105\" valign=\"top\"><br/></td></tr><tr><td width=\"105\" valign=\"top\"><br/></td><td width=\"105\" valign=\"top\"><br/></td><td width=\"105\" valign=\"top\"><br/></td><td width=\"105\" valign=\"top\"><br/></td><td width=\"105\" valign=\"top\"><br/></td><td width=\"105\" valign=\"top\"><br/></td><td width=\"105\" valign=\"top\"><br/></td><td width=\"105\" valign=\"top\"><br/></td></tr><tr><td width=\"105\" valign=\"top\"><br/></td><td width=\"105\" valign=\"top\"><br/></td><td width=\"105\" valign=\"top\"><br/></td><td width=\"105\" valign=\"top\"><br/></td><td width=\"105\" valign=\"top\"><br/></td><td width=\"105\" valign=\"top\"><br/></td><td width=\"105\" valign=\"top\"><br/></td><td width=\"105\" valign=\"top\"><br/></td></tr></tbody></table><p><br/></p>', '2022-04-15 21:43:10', '2691959315@qq.com', null, '11', '0');
INSERT INTO `comment` VALUES ('4', 'DOQQAKYTVUVOVDKMMXBZCNXLQQPPDYRGBLDSLKFURODYGKKRWUDWFTWTTXYZRQSHHQBVDGPKJRLKTYFPGRLHFEMUGDURVDGMZCUEJEKDFONQWLYDYHLLUWXDKPUARONS', '<table><tbody><tr class=\"firstRow\"><td width=\"121\" valign=\"top\"><br/></td><td width=\"121\" valign=\"top\"><br/></td><td width=\"121\" valign=\"top\"><br/></td><td width=\"121\" valign=\"top\"><br/></td><td width=\"121\" valign=\"top\"><br/></td><td width=\"121\" valign=\"top\"><br/></td><td width=\"121\" valign=\"top\"><br/></td></tr><tr><td width=\"121\" valign=\"top\"><br/></td><td width=\"121\" valign=\"top\"><br/></td><td width=\"121\" valign=\"top\"><br/></td><td width=\"121\" valign=\"top\"><br/></td><td width=\"121\" valign=\"top\"><br/></td><td width=\"121\" valign=\"top\"><br/></td><td width=\"121\" valign=\"top\"><br/></td></tr><tr><td width=\"121\" valign=\"top\"><br/></td><td width=\"121\" valign=\"top\" style=\"word-break: break-all;\">;kasdhnvfsdilsdfbv</td><td width=\"121\" valign=\"top\"><br/></td><td width=\"121\" valign=\"top\"><br/></td><td width=\"121\" valign=\"top\"><br/></td><td width=\"121\" valign=\"top\"><br/></td><td width=\"121\" valign=\"top\"><br/></td></tr><tr><td width=\"121\" valign=\"top\"><br/></td><td width=\"121\" valign=\"top\"><br/></td><td width=\"121\" valign=\"top\"><br/></td><td width=\"121\" valign=\"top\"><br/></td><td width=\"121\" valign=\"top\"><br/></td><td width=\"121\" valign=\"top\"><br/></td><td width=\"121\" valign=\"top\"><br/></td></tr><tr><td width=\"121\" valign=\"top\"><br/></td><td width=\"121\" valign=\"top\"><br/></td><td width=\"121\" valign=\"top\"><br/></td><td width=\"121\" valign=\"top\"><br/></td><td width=\"121\" valign=\"top\"><br/></td><td width=\"121\" valign=\"top\"><br/></td><td width=\"121\" valign=\"top\"><br/></td></tr><tr><td width=\"121\" valign=\"top\"><br/></td><td width=\"121\" valign=\"top\"><br/></td><td width=\"121\" valign=\"top\"><br/></td><td width=\"121\" valign=\"top\"><br/></td><td width=\"121\" valign=\"top\"><br/></td><td width=\"121\" valign=\"top\"><br/></td><td width=\"121\" valign=\"top\"><br/></td></tr></tbody></table><p>&nbsp; &nbsp; &nbsp; &nbsp; &nbsp; &nbsp; &nbsp; &nbsp; &nbsp; &nbsp; &nbsp; &nbsp; &nbsp; &nbsp; &nbsp; &nbsp;请输入回复的内容!\r\n &nbsp; &nbsp; &nbsp; &nbsp; &nbsp; &nbsp; &nbsp; &nbsp; &nbsp; &nbsp; &nbsp; &nbsp; &nbsp; &nbsp; &nbsp; &nbsp;<br/></p>', '2022-04-15 21:43:19', '2691959315@qq.com', null, '12', '0');
INSERT INTO `comment` VALUES ('1', 'FKGVKTCZUDAJNPMGCDXOFOTYYPSESJRISHJBJYDEQRRFICADBRHNMCVPPKHCXUYUVFAEYZYBMIENTXHTNLZOZYIMPPSSGBOGFKRQPYABEUNLJKMXIMANQXOTCVOIJMOS', '<p>hello world</p><p><br/></p>', '2022-04-15 21:43:54', '2691959315@qq.com', '2691959315@qq.com', '13', '0');
INSERT INTO `comment` VALUES ('2', 'FKGVKTCZUDAJNPMGCDXOFOTYYPSESJRISHJBJYDEQRRFICADBRHNMCVPPKHCXUYUVFAEYZYBMIENTXHTNLZOZYIMPPSSGBOGFKRQPYABEUNLJKMXIMANQXOTCVOIJMOS', '<p>hello world&nbsp; &nbsp; &nbsp; &nbsp; &nbsp; &nbsp; &nbsp; &nbsp; &nbsp; &nbsp; &nbsp; &nbsp; &nbsp; &nbsp; &nbsp;</p>', '2022-04-15 21:44:04', '2691959315@qq.com', null, '14', '0');
INSERT INTO `comment` VALUES ('1', 'FBEGOFTLYOZDJVYTZNTZRBFPHYTACIECBOKZJHMSPUIEPKELIWKRSZCJQPKUSGAYPSCIQXGGRRVEXNQRYHSLZVTIGHUWUEOMICIZOZVOTCOGKXRZJWHEQKCMEZIXRCXU', '<p>test2</p>', '2022-04-17 13:43:24', '1379255913@qq.com', '1234@qq.com', '15', '0');

-- ----------------------------
-- Table structure for confirm
-- ----------------------------
DROP TABLE IF EXISTS `confirm`;
CREATE TABLE `confirm` (
  `id` varchar(10) NOT NULL,
  `secret` varchar(6) CHARACTER SET utf8mb4 COLLATE utf8mb4_0900_ai_ci NOT NULL,
  PRIMARY KEY (`id`)
) ENGINE=InnoDB DEFAULT CHARSET=utf8mb4 COLLATE=utf8mb4_0900_ai_ci;

-- ----------------------------
-- Records of confirm
-- ----------------------------
INSERT INTO `confirm` VALUES ('FEVDRMBYXY', 'b6608d');
INSERT INTO `confirm` VALUES ('IBMJEVKOUR', '218bc9');
INSERT INTO `confirm` VALUES ('IMRXPHODNP', '037b84');
INSERT INTO `confirm` VALUES ('JYUEOOVPZM', '659b1a');
INSERT INTO `confirm` VALUES ('JZGKAOJRCH', '1b715c');
INSERT INTO `confirm` VALUES ('LTYJVSGYTK', 'c28d97');
INSERT INTO `confirm` VALUES ('MTLGRCBFIG', 'c115cf');
INSERT INTO `confirm` VALUES ('NCCFLXJDFN', '605c46');
INSERT INTO `confirm` VALUES ('QPHBBXWFXW', 'de2695');
INSERT INTO `confirm` VALUES ('QTKVTWJGKD', '64fa7f');
INSERT INTO `confirm` VALUES ('RODSGORZIC', 'f720ae');
INSERT INTO `confirm` VALUES ('TSOUBAFLWZ', '2f3d4e');
INSERT INTO `confirm` VALUES ('UECKMHMVHA', 'b31fda');
INSERT INTO `confirm` VALUES ('VYZHMQWSWX', '04230a');
INSERT INTO `confirm` VALUES ('XJYYMBMIKW', 'e5a597');
INSERT INTO `confirm` VALUES ('YFPUWFVTLG', '2f0f20');
INSERT INTO `confirm` VALUES ('YSMYJUCOOH', '03d551');
INSERT INTO `confirm` VALUES ('ZDDQINBYWW', 'ea536f');

-- ----------------------------
-- Table structure for fav
-- ----------------------------
DROP TABLE IF EXISTS `fav`;
CREATE TABLE `fav` (
  `email` varchar(255) NOT NULL,
  `shop_email` varchar(255) NOT NULL,
  `food` varchar(255) NOT NULL,
  `judge` varchar(255) DEFAULT NULL,
  `id` int NOT NULL AUTO_INCREMENT,
  PRIMARY KEY (`id`)
) ENGINE=InnoDB AUTO_INCREMENT=18 DEFAULT CHARSET=utf8mb4 COLLATE=utf8mb4_0900_ai_ci;

-- ----------------------------
-- Records of fav
-- ----------------------------
INSERT INTO `fav` VALUES ('1379255913@qq.com', '1234@qq.com', '二分', 'True', '1');
INSERT INTO `fav` VALUES ('2950422403@qq.com', '1234@qq.com', '薯条', 'True', '2');
INSERT INTO `fav` VALUES ('2950422403@qq.com', '1234@qq.com', '二分', 'True', '3');
INSERT INTO `fav` VALUES ('2950422403@qq.com', '1234@qq.com', '黄金鸡块', 'True', '4');
INSERT INTO `fav` VALUES ('1379255913@qq.com', '1234@qq.com', '薯条', 'True', '6');
INSERT INTO `fav` VALUES ('1379255913@qq.com', 'sqsd@qq.com', '可乐', 'True', '11');
INSERT INTO `fav` VALUES ('2691959316@qq.com', '1234@qq.com', '二分', 'True', '12');
INSERT INTO `fav` VALUES ('2691959316@qq.com', '1234@qq.com', '黄金鸡块', 'True', '13');
INSERT INTO `fav` VALUES ('1379255913@qq.com', '12345256@163.com', '鸡腿饭', 'True', '14');
INSERT INTO `fav` VALUES ('1271622021@qq.com', '2765613758@qq.com', '麻辣香锅单人套餐', 'True', '16');
INSERT INTO `fav` VALUES ('1271622021@qq.com', '2765613758@qq.com', '麻辣香锅双人套餐', 'True', '17');

-- ----------------------------
-- Table structure for follow
-- ----------------------------
DROP TABLE IF EXISTS `follow`;
CREATE TABLE `follow` (
  `email` varchar(255) NOT NULL,
  `follow_email` varchar(255) NOT NULL,
  `others` varchar(255) DEFAULT NULL,
  `id` int NOT NULL AUTO_INCREMENT,
  PRIMARY KEY (`id`)
) ENGINE=InnoDB AUTO_INCREMENT=20 DEFAULT CHARSET=utf8mb4 COLLATE=utf8mb4_0900_ai_ci;

-- ----------------------------
-- Records of follow
-- ----------------------------
INSERT INTO `follow` VALUES ('2950422403@qq.com', '1379255913@qq.com', 'normal', '3');
INSERT INTO `follow` VALUES ('e@qq.com', '1669164701@qq.com', 'normal', '4');
INSERT INTO `follow` VALUES ('1669164701@qq.com', '1379255913@qq.com', 'normal', '5');
INSERT INTO `follow` VALUES ('1669164701@qq.com', 'e@qq.com', 'normal', '7');
INSERT INTO `follow` VALUES ('1379255913@qq.com', '2950422403@qq.com', 'normal', '10');
INSERT INTO `follow` VALUES ('2691959316@qq.com', '2950422403@qq.com', 'normal', '12');
INSERT INTO `follow` VALUES ('1379255913@qq.com', '1234@qq.com', 'normal', '14');
INSERT INTO `follow` VALUES ('1379255913@qq.com', '1669164701@qq.com', 'normal', '18');
INSERT INTO `follow` VALUES ('1271622021@qq.com', 'e@qq.com', 'normal', '19');

-- ----------------------------
-- Table structure for issue
-- ----------------------------
DROP TABLE IF EXISTS `issue`;
CREATE TABLE `issue` (
  `Ino` varchar(128) NOT NULL,
  `email` varchar(128) NOT NULL,
  `title` text,
  `issue_time` datetime DEFAULT NULL,
  `shop` varchar(255) DEFAULT NULL,
  `ban` int DEFAULT '0',
  PRIMARY KEY (`Ino`),
  UNIQUE KEY `Issue_Ino_uindex` (`Ino`),
  KEY `Issue_UserInformation_email_fk` (`email`),
  CONSTRAINT `Issue_UserInformation_email_fk` FOREIGN KEY (`email`) REFERENCES `userinformation` (`email`)
) ENGINE=InnoDB DEFAULT CHARSET=utf8mb4 COLLATE=utf8mb4_0900_ai_ci;

-- ----------------------------
-- Records of issue
-- ----------------------------
INSERT INTO `issue` VALUES ('DOQQAKYTVUVOVDKMMXBZCNXLQQPPDYRGBLDSLKFURODYGKKRWUDWFTWTTXYZRQSHHQBVDGPKJRLKTYFPGRLHFEMUGDURVDGMZCUEJEKDFONQWLYDYHLLUWXDKPUARONS', '1669164701@qq.com', 'kfc是吧kfc', '2022-03-31 19:01:40', '1234@qq.com', '0');
INSERT INTO `issue` VALUES ('FBEGOFTLYOZDJVYTZNTZRBFPHYTACIECBOKZJHMSPUIEPKELIWKRSZCJQPKUSGAYPSCIQXGGRRVEXNQRYHSLZVTIGHUWUEOMICIZOZVOTCOGKXRZJWHEQKCMEZIXRCXU', '1379255913@qq.com', 'fefefef', '2022-04-17 13:43:24', '1234@qq.com', '0');
INSERT INTO `issue` VALUES ('FGPEZTDBBOFTDSKXZYWSTTPQWXFASDHYUCFUXCHCKLTRXZXFTYWXFHLYMUMMTLZBOYGCOLPXFNAXIKTHOHEFOKIWONQHYMDKCCDFOVPTPNIKXUEDCDVJYJWIBHQQYRCH', '2950422403@qq.com', '测试', '2022-04-06 16:50:47', '1234@qq.com', '0');
INSERT INTO `issue` VALUES ('FKGVKTCZUDAJNPMGCDXOFOTYYPSESJRISHJBJYDEQRRFICADBRHNMCVPPKHCXUYUVFAEYZYBMIENTXHTNLZOZYIMPPSSGBOGFKRQPYABEUNLJKMXIMANQXOTCVOIJMOS', '2691959315@qq.com', '未命名的标题', '2022-04-15 21:43:54', '2691959315@qq.com', '0');
INSERT INTO `issue` VALUES ('SZGZCUBCRRVZUBASTWQMSWMJIQTMBYTMAIAVSUTWYOFVBRFUKLFUUOILOGFSYLUPGLEOXPJZGEMBUALTSUVYEVUUUJZITWTVFTZMWQSUDMRJLFPPXOPMBSGLMXDLSEIQ', '1147504642@qq.com', '好吃！', '2022-03-31 18:50:06', '1147504642@qq.com', '0');
INSERT INTO `issue` VALUES ('UQKNLQTOHPDZGAJBDNSQQVWPULWWOJWXXUBJHGWOVQGMYWXAVDBCJFJAXHHCWKGOPKGKYHSDMRJQEQENOHEUQRWBYIDNKLXZPLIYZXBBFHKYGRQDITMTVOXCPLFAUYAK', '1379255913@qq.com', '123', '2022-02-08 14:20:38', '1234@qq.com', '0');

-- ----------------------------
-- Table structure for likes
-- ----------------------------
DROP TABLE IF EXISTS `likes`;
CREATE TABLE `likes` (
  `email` varchar(255) NOT NULL,
  `shop_email` varchar(255) NOT NULL,
  `food` varchar(255) NOT NULL,
  `judge` varchar(255) DEFAULT NULL,
  `id` int NOT NULL AUTO_INCREMENT,
  PRIMARY KEY (`id`)
) ENGINE=InnoDB AUTO_INCREMENT=25 DEFAULT CHARSET=utf8mb4 COLLATE=utf8mb4_0900_ai_ci;

-- ----------------------------
-- Records of likes
-- ----------------------------
INSERT INTO `likes` VALUES ('1379255913@qq.com', '1234@qq.com', '薯条', 'True', '1');
INSERT INTO `likes` VALUES ('2950422403@qq.com', '1234@qq.com', '香辣鸡腿堡', 'True', '4');
INSERT INTO `likes` VALUES ('2950422403@qq.com', '1234@qq.com', '奥尔良鸡腿堡', 'True', '5');
INSERT INTO `likes` VALUES ('2950422403@qq.com', '1234@qq.com', '黄金鸡块', 'True', '6');
INSERT INTO `likes` VALUES ('1379255913@qq.com', '1234@qq.com', '奥尔良鸡腿堡', 'True', '8');
INSERT INTO `likes` VALUES ('1379255913@qq.com', '1234@qq.com', '二分', 'True', '10');
INSERT INTO `likes` VALUES ('1379255913@qq.com', '1234@qq.com', '黄金鸡块', 'True', '13');
INSERT INTO `likes` VALUES ('1379255913@qq.com', '12345256@163.com', '馄饨', 'True', '15');
INSERT INTO `likes` VALUES ('1379255913@qq.com', '12345256@163.com', '饺子', 'True', '16');
INSERT INTO `likes` VALUES ('1379255913@qq.com', 'sqsd@qq.com', '雪碧', 'True', '17');
INSERT INTO `likes` VALUES ('2691959316@qq.com', '1234@qq.com', '二分', 'True', '18');
INSERT INTO `likes` VALUES ('1379255913@qq.com', '2765613758@qq.com', '麻辣香锅单人套餐', 'True', '19');
INSERT INTO `likes` VALUES ('1379255913@qq.com', '2765613758@qq.com', '麻辣香锅双人套餐', 'True', '20');
INSERT INTO `likes` VALUES ('1379255913@qq.com', '12345256@163.com', '面', 'True', '21');
INSERT INTO `likes` VALUES ('1271622021@qq.com', '2765613758@qq.com', '麻辣香锅单人套餐', 'True', '23');
INSERT INTO `likes` VALUES ('1271622021@qq.com', '2765613758@qq.com', '麻辣香锅双人套餐', 'True', '24');

-- ----------------------------
-- Table structure for messages
-- ----------------------------
DROP TABLE IF EXISTS `messages`;
CREATE TABLE `messages` (
  `chatroom_name` varchar(255) CHARACTER SET utf8mb4 COLLATE utf8mb4_bin NOT NULL,
  `content` varchar(255) CHARACTER SET utf8mb4 COLLATE utf8mb4_bin DEFAULT NULL,
  `create_time` datetime NOT NULL,
  `user` varchar(50) CHARACTER SET utf8mb4 COLLATE utf8mb4_bin NOT NULL,
  `id` int NOT NULL AUTO_INCREMENT,
  `photo` varchar(255) COLLATE utf8mb4_bin DEFAULT NULL,
  PRIMARY KEY (`id`)
) ENGINE=InnoDB AUTO_INCREMENT=125 DEFAULT CHARSET=utf8mb4 COLLATE=utf8mb4_bin;

-- ----------------------------
-- Records of messages
-- ----------------------------
INSERT INTO `messages` VALUES ('chatroom', '123', '2022-03-22 21:47:41', '2950422403@qq.com', '1', null);
INSERT INTO `messages` VALUES ('chatroom', '123', '2022-03-22 21:49:05', '2950422403@qq.com', '2', null);
INSERT INTO `messages` VALUES ('3703693663643613683683643703693278998899837230089998910-3613643683753633613613633753693278998899837230089998910', '127', '2022-03-22 21:51:24', '2950422403@qq.com', '3', null);
INSERT INTO `messages` VALUES ('3703613693633278998899837230089998910-3703693663643613683683643703693278998899837230089998910', '123', '2022-03-23 10:44:44', '1379255913@qq.com', '4', null);
INSERT INTO `messages` VALUES ('3703703633663683753633673633613278998899837230089998910-3613643683753633613613633753613278998899837230089998910', 'hhhh', '2022-03-31 18:49:02', '1147504642@qq.com', '5', null);
INSERT INTO `messages` VALUES ('3703673673643703673633663753703278998899837230089998910-89193278998899837230089998910', '鸡块给你吃一半', '2022-03-31 18:56:56', '1669164701@qq.com', '6', null);
INSERT INTO `messages` VALUES ('3703673673643703673633663753703278998899837230089998910-89193278998899837230089998910', '辛苦了', '2022-03-31 18:57:01', '1669164701@qq.com', '7', null);
INSERT INTO `messages` VALUES ('3703673673643703673633663753703278998899837230089998910-89193278998899837230089998910', '啊哈哈哈哈哈哈哈', '2022-03-31 18:57:03', '1669164701@qq.com', '8', null);
INSERT INTO `messages` VALUES ('3703673673643703673633663753703278998899837230089998910-89193278998899837230089998910', '哈哈哈哈哈哈哈哈哈哈哈', '2022-03-31 18:57:05', '1669164701@qq.com', '9', null);
INSERT INTO `messages` VALUES ('3703693663643613683683643703693278998899837230089998910-3703673673643703673633663753703278998899837230089998910', 'lip', '2022-03-31 19:03:19', '1379255913@qq.com', '10', null);
INSERT INTO `messages` VALUES ('3703693663643613683683643703693278998899837230089998910-3703673673643703673633663753703278998899837230089998910', '啊啊啊', '2022-03-31 19:04:38', '1669164701@qq.com', '11', null);
INSERT INTO `messages` VALUES ('3703693663643613683683643703693278998899837230089998910-3703673673643703673633663753703278998899837230089998910', '啊啊啊啊啊啊', '2022-03-31 19:04:39', '1669164701@qq.com', '12', null);
INSERT INTO `messages` VALUES ('3703693663643613683683643703693278998899837230089998910-3703673673643703673633663753703278998899837230089998910', '啊啊啊啊啊啊啊啊啊啊啊啊啊啊啊啊啊啊啊', '2022-03-31 19:04:41', '1669164701@qq.com', '13', null);
INSERT INTO `messages` VALUES ('3703693663643613683683643703693278998899837230089998910-3703673673643703673633663753703278998899837230089998910', 'a ', '2022-03-31 19:04:46', '1379255913@qq.com', '14', null);
INSERT INTO `messages` VALUES ('3703693663643613683683643703693278998899837230089998910-3703673673643703673633663753703278998899837230089998910', '是yaoniang吗', '2022-03-31 19:04:49', '1669164701@qq.com', '15', null);
INSERT INTO `messages` VALUES ('3703693663643613683683643703693278998899837230089998910-3703673673643703673633663753703278998899837230089998910', '推上的？', '2022-03-31 19:04:54', '1669164701@qq.com', '16', null);
INSERT INTO `messages` VALUES ('3703693663643613683683643703693278998899837230089998910-3703673673643703673633663753703278998899837230089998910', '离谱啊', '2022-03-31 19:04:54', '1379255913@qq.com', '17', null);
INSERT INTO `messages` VALUES ('3703693663643613683683643703693278998899837230089998910-3703673673643703673633663753703278998899837230089998910', '不是', '2022-03-31 19:04:56', '1379255913@qq.com', '18', null);
INSERT INTO `messages` VALUES ('3703693663643613683683643703693278998899837230089998910-3703673673643703673633663753703278998899837230089998910', '我不好说', '2022-03-31 19:04:59', '1669164701@qq.com', '19', null);
INSERT INTO `messages` VALUES ('3703693663643613683683643703693278998899837230089998910-3703673673643703673633663753703278998899837230089998910', '这tm只是个13岁的', '2022-03-31 19:05:03', '1379255913@qq.com', '20', null);
INSERT INTO `messages` VALUES ('3703693663643613683683643703693278998899837230089998910-3703673673643703673633663753703278998899837230089998910', '我总感觉', '2022-03-31 19:05:09', '1669164701@qq.com', '21', null);
INSERT INTO `messages` VALUES ('3703693663643613683683643703693278998899837230089998910-3703673673643703673633663753703278998899837230089998910', '是男的', '2022-03-31 19:05:10', '1669164701@qq.com', '22', null);
INSERT INTO `messages` VALUES ('3703693663643613683683643703693278998899837230089998910-3703673673643703673633663753703278998899837230089998910', '好家伙', '2022-03-31 19:05:23', '1379255913@qq.com', '23', null);
INSERT INTO `messages` VALUES ('3703693663643613683683643703693278998899837230089998910-3703673673643703673633663753703278998899837230089998910', '按照张三的xp', '2022-03-31 19:05:24', '1669164701@qq.com', '24', null);
INSERT INTO `messages` VALUES ('3703693663643613683683643703693278998899837230089998910-3703673673643703673633663753703278998899837230089998910', '十三岁 李大酺', '2022-03-31 19:05:34', '1669164701@qq.com', '25', null);
INSERT INTO `messages` VALUES ('3703693663643613683683643703693278998899837230089998910-3703673673643703673633663753703278998899837230089998910', '离大铺', '2022-03-31 19:05:38', '1669164701@qq.com', '26', null);
INSERT INTO `messages` VALUES ('3703693663643613683683643703693278998899837230089998910-3703673673643703673633663753703278998899837230089998910', '我的xp不只是药娘吧……', '2022-03-31 19:05:55', '1379255913@qq.com', '27', null);
INSERT INTO `messages` VALUES ('3703693663643613683683643703693278998899837230089998910-3703673673643703673633663753703278998899837230089998910', '年轻的谁不喜欢', '2022-03-31 19:06:05', '1379255913@qq.com', '28', null);
INSERT INTO `messages` VALUES ('3703693663643613683683643703693278998899837230089998910-3703673673643703673633663753703278998899837230089998910', '彳亍', '2022-03-31 19:07:00', '1669164701@qq.com', '29', null);
INSERT INTO `messages` VALUES ('3703693663643613683683643703693278998899837230089998910-3703673673643703673633663753703278998899837230089998910', '开t车是吧', '2022-03-31 19:07:18', '1669164701@qq.com', '30', null);
INSERT INTO `messages` VALUES ('3703693663643613683683643703693278998899837230089998910-3703673673643703673633663753703278998899837230089998910', '不至于', '2022-03-31 19:07:23', '1379255913@qq.com', '31', null);
INSERT INTO `messages` VALUES ('3703693663643613683683643703693278998899837230089998910-3703673673643703673633663753703278998899837230089998910', 'fbi open up', '2022-03-31 19:07:26', '1669164701@qq.com', '32', null);
INSERT INTO `messages` VALUES ('3703693663643613683683643703693278998899837230089998910-3703673673643703673633663753703278998899837230089998910', '哈哈哈哈哈哈哈哈哈哈哈哈哈哈哈哈哈哈哈、', '2022-03-31 19:07:29', '1669164701@qq.com', '33', null);
INSERT INTO `messages` VALUES ('3703693663643613683683643703693278998899837230089998910-3703673673643703673633663753703278998899837230089998910', '这个也没啥露的啊', '2022-03-31 19:07:31', '1379255913@qq.com', '34', null);
INSERT INTO `messages` VALUES ('3703693663643613683683643703693278998899837230089998910-3703673673643703673633663753703278998899837230089998910', '那确实', '2022-03-31 19:07:39', '1669164701@qq.com', '35', null);
INSERT INTO `messages` VALUES ('3703693663643613683683643703693278998899837230089998910-3703673673643703673633663753703278998899837230089998910', '讲道理这个是专用链接', '2022-03-31 19:07:48', '1379255913@qq.com', '36', null);
INSERT INTO `messages` VALUES ('3703693663643613683683643703693278998899837230089998910-3703673673643703673633663753703278998899837230089998910', '王晶查不到', '2022-03-31 19:07:55', '1379255913@qq.com', '37', null);
INSERT INTO `messages` VALUES ('3703693663643613683683643703693278998899837230089998910-3703673673643703673633663753703278998899837230089998910', '啊', '2022-03-31 19:07:58', '1669164701@qq.com', '38', null);
INSERT INTO `messages` VALUES ('3703693663643613683683643703693278998899837230089998910-3703673673643703673633663753703278998899837230089998910', '而且服务器是的电脑', '2022-03-31 19:08:02', '1379255913@qq.com', '39', null);
INSERT INTO `messages` VALUES ('3703693663643613683683643703693278998899837230089998910-3703673673643703673633663753703278998899837230089998910', '我超', '2022-03-31 19:08:04', '1669164701@qq.com', '40', null);
INSERT INTO `messages` VALUES ('3703693663643613683683643703693278998899837230089998910-3703673673643703673633663753703278998899837230089998910', '我说在这里ghs', '2022-03-31 19:08:08', '1379255913@qq.com', '41', null);
INSERT INTO `messages` VALUES ('3703693663643613683683643703693278998899837230089998910-3703673673643703673633663753703278998899837230089998910', '确实啊', '2022-03-31 19:08:12', '1669164701@qq.com', '42', null);
INSERT INTO `messages` VALUES ('3703693663643613683683643703693278998899837230089998910-3703673673643703673633663753703278998899837230089998910', '我想起来', '2022-03-31 19:08:15', '1669164701@qq.com', '43', null);
INSERT INTO `messages` VALUES ('3703693663643613683683643703693278998899837230089998910-3703673673643703673633663753703278998899837230089998910', '以前不是用过一个什么软件', '2022-03-31 19:08:23', '1669164701@qq.com', '44', null);
INSERT INTO `messages` VALUES ('3703693663643613683683643703693278998899837230089998910-3703673673643703673633663753703278998899837230089998910', 'cc发了一堆铜在上面', '2022-03-31 19:08:34', '1669164701@qq.com', '45', null);
INSERT INTO `messages` VALUES ('3703693663643613683683643703693278998899837230089998910-3703673673643703673633663753703278998899837230089998910', '给我吓得', '2022-03-31 19:08:39', '1669164701@qq.com', '46', null);
INSERT INTO `messages` VALUES ('3703693663643613683683643703693278998899837230089998910-3703673673643703673633663753703278998899837230089998910', '对啊', '2022-03-31 19:08:39', '1379255913@qq.com', '47', null);
INSERT INTO `messages` VALUES ('3703693663643613683683643703693278998899837230089998910-3703673673643703673633663753703278998899837230089998910', '我现在还保存着', '2022-03-31 19:08:46', '1379255913@qq.com', '48', null);
INSERT INTO `messages` VALUES ('3703693663643613683683643703693278998899837230089998910-3703673673643703673633663753703278998899837230089998910', '？？？', '2022-03-31 19:08:49', '1669164701@qq.com', '49', null);
INSERT INTO `messages` VALUES ('3703693663643613683683643703693278998899837230089998910-3703673673643703673633663753703278998899837230089998910', '太离谱了', '2022-03-31 19:08:53', '1669164701@qq.com', '50', null);
INSERT INTO `messages` VALUES ('3703693663643613683683643703693278998899837230089998910-3703673673643703673633663753703278998899837230089998910', '不过现在我的童片太多了', '2022-03-31 19:09:05', '1379255913@qq.com', '51', null);
INSERT INTO `messages` VALUES ('3703693663643613683683643703693278998899837230089998910-3703673673643703673633663753703278998899837230089998910', '多到我不想看了', '2022-03-31 19:09:12', '1379255913@qq.com', '52', null);
INSERT INTO `messages` VALUES ('3703693663643613683683643703693278998899837230089998910-3703673673643703673633663753703278998899837230089998910', '更离谱了', '2022-03-31 19:09:47', '1669164701@qq.com', '53', null);
INSERT INTO `messages` VALUES ('3703693663643613683683643703693278998899837230089998910-3703673673643703673633663753703278998899837230089998910', '我前几天逛哔咔', '2022-03-31 19:09:53', '1669164701@qq.com', '54', null);
INSERT INTO `messages` VALUES ('3703693663643613683683643703693278998899837230089998910-3703673673643703673633663753703278998899837230089998910', '看到了什么', '2022-03-31 19:10:06', '1379255913@qq.com', '55', null);
INSERT INTO `messages` VALUES ('3703693663643613683683643703693278998899837230089998910-3703673673643703673633663753703278998899837230089998910', '看到一个正经做教学的', '2022-03-31 19:10:10', '1669164701@qq.com', '56', null);
INSERT INTO `messages` VALUES ('3703693663643613683683643703693278998899837230089998910-3703673673643703673633663753703278998899837230089998910', '就单纯叫你怎么做舒服', '2022-03-31 19:10:19', '1669164701@qq.com', '57', null);
INSERT INTO `messages` VALUES ('3703693663643613683683643703693278998899837230089998910-3703673673643703673633663753703278998899837230089998910', '像正统教科书一样', '2022-03-31 19:10:27', '1669164701@qq.com', '58', null);
INSERT INTO `messages` VALUES ('3703693663643613683683643703693278998899837230089998910-3703673673643703673633663753703278998899837230089998910', '写得很好', '2022-03-31 19:10:29', '1669164701@qq.com', '59', null);
INSERT INTO `messages` VALUES ('3703693663643613683683643703693278998899837230089998910-3703673673643703673633663753703278998899837230089998910', '这个教程应该有很多吧', '2022-03-31 19:10:35', '1379255913@qq.com', '60', null);
INSERT INTO `messages` VALUES ('3703693663643613683683643703693278998899837230089998910-3703673673643703673633663753703278998899837230089998910', '比肩人教版', '2022-03-31 19:10:39', '1669164701@qq.com', '61', null);
INSERT INTO `messages` VALUES ('3703693663643613683683643703693278998899837230089998910-3703673673643703673633663753703278998899837230089998910', '推特上也有不少', '2022-03-31 19:10:44', '1379255913@qq.com', '62', null);
INSERT INTO `messages` VALUES ('3703693663643613683683643703693278998899837230089998910-3703673673643703673633663753703278998899837230089998910', '感觉是教科书pdf扒下来的', '2022-03-31 19:10:52', '1669164701@qq.com', '63', null);
INSERT INTO `messages` VALUES ('3703693663643613683683643703693278998899837230089998910-3703673673643703673633663753703278998899837230089998910', 'cc现在怎么样了', '2022-03-31 19:11:11', '1379255913@qq.com', '64', null);
INSERT INTO `messages` VALUES ('3703693663643613683683643703693278998899837230089998910-3703673673643703673633663753703278998899837230089998910', '他去哪里了', '2022-03-31 19:11:18', '1379255913@qq.com', '65', null);
INSERT INTO `messages` VALUES ('3703693663643613683683643703693278998899837230089998910-3703673673643703673633663753703278998899837230089998910', '我不到啊', '2022-03-31 19:11:31', '1669164701@qq.com', '66', null);
INSERT INTO `messages` VALUES ('3703693663643613683683643703693278998899837230089998910-3703673673643703673633663753703278998899837230089998910', '不太清楚', '2022-03-31 19:11:37', '1669164701@qq.com', '67', null);
INSERT INTO `messages` VALUES ('3703693663643613683683643703693278998899837230089998910-3703673673643703673633663753703278998899837230089998910', '蛮久没联系了', '2022-03-31 19:11:45', '1669164701@qq.com', '68', null);
INSERT INTO `messages` VALUES ('3703693663643613683683643703693278998899837230089998910-3703673673643703673633663753703278998899837230089998910', '你上photo应该还能看到cc发的那些东西', '2022-03-31 19:12:14', '1379255913@qq.com', '69', null);
INSERT INTO `messages` VALUES ('3703693663643613683683643703693278998899837230089998910-3703673673643703673633663753703278998899837230089998910', '我超', '2022-03-31 19:13:05', '1669164701@qq.com', '70', null);
INSERT INTO `messages` VALUES ('3703693663643613683683643703693278998899837230089998910-3703673673643703673633663753703278998899837230089998910', '叫什么来着', '2022-03-31 19:13:14', '1669164701@qq.com', '71', null);
INSERT INTO `messages` VALUES ('3703693663643613683683643703693278998899837230089998910-3703673673643703673633663753703278998899837230089998910', '土豆', '2022-03-31 19:13:16', '1669164701@qq.com', '72', null);
INSERT INTO `messages` VALUES ('3703693663643613683683643703693278998899837230089998910-3703673673643703673633663753703278998899837230089998910', '我再给他下回来试试', '2022-03-31 19:13:27', '1669164701@qq.com', '73', null);
INSERT INTO `messages` VALUES ('3703693663643613683683643703693278998899837230089998910-3703673673643703673633663753703278998899837230089998910', '啊这', '2022-03-31 19:13:32', '1379255913@qq.com', '74', null);
INSERT INTO `messages` VALUES ('3703693663643613683683643703693278998899837230089998910-3703673673643703673633663753703278998899837230089998910', '讲道理telegram上面更多', '2022-03-31 19:13:41', '1379255913@qq.com', '75', null);
INSERT INTO `messages` VALUES ('3703693663643613683683643703693278998899837230089998910-3703673673643703673633663753703278998899837230089998910', '那确实', '2022-03-31 19:14:24', '1669164701@qq.com', '76', null);
INSERT INTO `messages` VALUES ('3703693663643613683683643703693278998899837230089998910-3703673673643703673633663753703278998899837230089998910', '没啥时间ghs', '2022-03-31 19:14:30', '1669164701@qq.com', '77', null);
INSERT INTO `messages` VALUES ('3703693663643613683683643703693278998899837230089998910-3703673673643703673633663753703278998899837230089998910', '我现在天天看', '2022-03-31 19:14:37', '1379255913@qq.com', '78', null);
INSERT INTO `messages` VALUES ('3703693663643613683683643703693278998899837230089998910-3703673673643703673633663753703278998899837230089998910', '最多上去看看哔咔', '2022-03-31 19:14:37', '1669164701@qq.com', '79', null);
INSERT INTO `messages` VALUES ('3703693663643613683683643703693278998899837230089998910-3703673673643703673633663753703278998899837230089998910', '也不看涩涩', '2022-03-31 19:14:41', '1669164701@qq.com', '80', null);
INSERT INTO `messages` VALUES ('3703693663643613683683643703693278998899837230089998910-3703673673643703673633663753703278998899837230089998910', '看的都没意思了', '2022-03-31 19:14:43', '1379255913@qq.com', '81', null);
INSERT INTO `messages` VALUES ('3703693663643613683683643703693278998899837230089998910-3703673673643703673633663753703278998899837230089998910', '就看纯爱剧情', '2022-03-31 19:14:46', '1669164701@qq.com', '82', null);
INSERT INTO `messages` VALUES ('3703693663643613683683643703693278998899837230089998910-3703673673643703673633663753703278998899837230089998910', '针布戳', '2022-03-31 19:14:49', '1669164701@qq.com', '83', null);
INSERT INTO `messages` VALUES ('3703693663643613683683643703693278998899837230089998910-3703673673643703673633663753703278998899837230089998910', '现在什么都提不起我的兴趣', '2022-03-31 19:14:52', '1379255913@qq.com', '84', null);
INSERT INTO `messages` VALUES ('3703693663643613683683643703693278998899837230089998910-3703673673643703673633663753703278998899837230089998910', '怎么办啊', '2022-03-31 19:14:54', '1379255913@qq.com', '85', null);
INSERT INTO `messages` VALUES ('3703693663643613683683643703693278998899837230089998910-3703673673643703673633663753703278998899837230089998910', '草', '2022-03-31 19:14:56', '1669164701@qq.com', '86', null);
INSERT INTO `messages` VALUES ('3703693663643613683683643703693278998899837230089998910-3703673673643703673633663753703278998899837230089998910', '我不会心理阳痿吧', '2022-03-31 19:15:02', '1379255913@qq.com', '87', null);
INSERT INTO `messages` VALUES ('3703693663643613683683643703693278998899837230089998910-3703673673643703673633663753703278998899837230089998910', '戒冲罢', '2022-03-31 19:15:09', '1669164701@qq.com', '88', null);
INSERT INTO `messages` VALUES ('3703693663643613683683643703693278998899837230089998910-3703673673643703673633663753703278998899837230089998910', '我在学校没冲过', '2022-03-31 19:15:23', '1669164701@qq.com', '89', null);
INSERT INTO `messages` VALUES ('3703693663643613683683643703693278998899837230089998910-3703673673643703673633663753703278998899837230089998910', '我2天一次', '2022-03-31 19:15:31', '1379255913@qq.com', '90', null);
INSERT INTO `messages` VALUES ('3703693663643613683683643703693278998899837230089998910-3703673673643703673633663753703278998899837230089998910', '然后放假到家的第一发', '2022-03-31 19:15:31', '1669164701@qq.com', '91', null);
INSERT INTO `messages` VALUES ('3703693663643613683683643703693278998899837230089998910-3703673673643703673633663753703278998899837230089998910', '贼他妈带劲', '2022-03-31 19:15:37', '1669164701@qq.com', '92', null);
INSERT INTO `messages` VALUES ('3703693663643613683683643703693278998899837230089998910-3703673673643703673633663753703278998899837230089998910', '现在人快不行了', '2022-03-31 19:15:38', '1379255913@qq.com', '93', null);
INSERT INTO `messages` VALUES ('3703693663643613683683643703693278998899837230089998910-3703673673643703673633663753703278998899837230089998910', '那量大的', '2022-03-31 19:15:45', '1669164701@qq.com', '94', null);
INSERT INTO `messages` VALUES ('3703693663643613683683643703693278998899837230089998910-3703673673643703673633663753703278998899837230089998910', '戒', '2022-03-31 19:15:52', '1669164701@qq.com', '95', null);
INSERT INTO `messages` VALUES ('3703693663643613683683643703693278998899837230089998910-3703673673643703673633663753703278998899837230089998910', '得戒', '2022-03-31 19:15:56', '1669164701@qq.com', '96', null);
INSERT INTO `messages` VALUES ('3703693663643613683683643703693278998899837230089998910-3703673673643703673633663753703278998899837230089998910', '宿舍的确不大方便', '2022-03-31 19:16:10', '1379255913@qq.com', '97', null);
INSERT INTO `messages` VALUES ('3703693663643613683683643703693278998899837230089998910-3703673673643703673633663753703278998899837230089998910', '一学期可能四五次遗', '2022-03-31 19:16:13', '1669164701@qq.com', '98', null);
INSERT INTO `messages` VALUES ('3703693663643613683683643703693278998899837230089998910-3703673673643703673633663753703278998899837230089998910', '也是量大', '2022-03-31 19:16:17', '1669164701@qq.com', '99', null);
INSERT INTO `messages` VALUES ('3703693663643613683683643703693278998899837230089998910-3703673673643703673633663753703278998899837230089998910', '感觉身体棒的一批', '2022-03-31 19:16:31', '1669164701@qq.com', '100', null);
INSERT INTO `messages` VALUES ('3703693663643613683683643703693278998899837230089998910-3703673673643703673633663753703278998899837230089998910', '哈哈哈哈哈哈', '2022-03-31 19:16:35', '1669164701@qq.com', '101', null);
INSERT INTO `messages` VALUES ('3703693663643613683683643703693278998899837230089998910-3703673673643703673633663753703278998899837230089998910', '我记得你说买了heisi来着', '2022-03-31 19:18:08', '1669164701@qq.com', '102', null);
INSERT INTO `messages` VALUES ('3703693663643613683683643703693278998899837230089998910-3703673673643703673633663753703278998899837230089998910', '嘿嘿', '2022-03-31 19:18:10', '1669164701@qq.com', '103', null);
INSERT INTO `messages` VALUES ('3703693663643613683683643703693278998899837230089998910-3703673673643703673633663753703278998899837230089998910', '嘿嘿嘿', '2022-03-31 19:18:12', '1669164701@qq.com', '104', null);
INSERT INTO `messages` VALUES ('3703693663643613683683643703693278998899837230089998910-3703673673643703673633663753703278998899837230089998910', '123', '2022-04-06 16:49:38', '1379255913@qq.com', '105', null);
INSERT INTO `messages` VALUES ('3703693663643613683683643703693278998899837230089998910-3613643683753633613613633753693278998899837230089998910', '123', '2022-04-06 16:51:08', '2950422403@qq.com', '106', null);
INSERT INTO `messages` VALUES ('3703693663643613683683643703693278998899837230089998910-3613643683753633613613633753693278998899837230089998910', '12', '2022-04-06 16:51:27', '1379255913@qq.com', '107', null);
INSERT INTO `messages` VALUES ('3703693663643613683683643703693278998899837230089998910-3613643683753633613613633753693278998899837230089998910', '服务费', '2022-04-06 17:04:34', '1379255913@qq.com', '108', null);
INSERT INTO `messages` VALUES ('3703693663643613683683643703693278998899837230089998910-3613643683753633613613633753693278998899837230089998910', '有', '2022-04-06 17:09:34', '1379255913@qq.com', '109', null);
INSERT INTO `messages` VALUES ('3703693663643613683683643703693278998899837230089998910-3613643683753633613613633753693278998899837230089998910', '阿阿阿', '2022-04-06 17:19:40', '1379255913@qq.com', '110', null);
INSERT INTO `messages` VALUES ('de18fbb36176297a909cf4808f56a379-2100e68ed38e47df0d1b2605178cae94', '12222222', '2022-04-15 17:37:12', '1379255913@qq.com', '111', null);
INSERT INTO `messages` VALUES ('de18fbb36176297a909cf4808f56a379-53bf39299178fe16b272142f990bee16', '呃呃呃呃呃', '2022-04-15 17:37:26', '1379255913@qq.com', '112', null);
INSERT INTO `messages` VALUES ('3703613693633278998899837230089998910-3703693663643613683683643703693278998899837230089998910', '你好，请问有什么可以帮您？', '2022-04-15 19:47:24', '1234@qq.com', '113', null);
INSERT INTO `messages` VALUES ('3703613693633278998899837230089998910-3703693663643613683683643703693278998899837230089998910', 'cceshi', '2022-04-15 20:15:11', '1234@qq.com', '114', '');
INSERT INTO `messages` VALUES ('3703613693633278998899837230089998910-3703693663643613683683643703693278998899837230089998910', '测试', '2022-04-15 20:15:19', '1234@qq.com', '115', '/static/img/2022041520151982.jpg');
INSERT INTO `messages` VALUES ('3703613693633278998899837230089998910-3613673643703643683643693703683278998899837230089998910', 'hello world', '2022-04-15 20:39:52', '2691959315@qq.com', '116', '/static/img/2022041520395254.jpg');
INSERT INTO `messages` VALUES ('3613673643703643683643693703673278998899837230089998910-3613643683753633613613633753693278998899837230089998910', 'hello', '2022-04-15 20:43:27', '2691959316@qq.com', '117', '');
INSERT INTO `messages` VALUES ('3703613663703673613613753613703278998899837230089998910-89193278998899837230089998910', '老子的kfc呢', '2022-04-18 23:54:31', '1271622021@qq.com', '118', '');
INSERT INTO `messages` VALUES ('3703613663703673613613753613703278998899837230089998910-89193278998899837230089998910', '', '2022-04-18 23:55:29', '1271622021@qq.com', '119', '/static/img/2022041823552933.jpg');
INSERT INTO `messages` VALUES ('3703613663703673613613753613703278998899837230089998910-89193278998899837230089998910', '0', '2022-04-18 23:55:29', '1271622021@qq.com', '120', '');
INSERT INTO `messages` VALUES ('3703613663703673613613753613703278998899837230089998910-89193278998899837230089998910', '1234444', '2022-04-18 23:56:33', 'e@qq.com', '121', '');
INSERT INTO `messages` VALUES ('3703673673643703673633663753703278998899837230089998910-89193278998899837230089998910', 'ee ', '2022-04-18 23:56:47', 'e@qq.com', '122', '');
INSERT INTO `messages` VALUES ('3703613663703673613613753613703278998899837230089998910-89193278998899837230089998910', '123', '2022-04-18 23:57:52', 'e@qq.com', '123', '');
INSERT INTO `messages` VALUES ('3703613663703673613613753613703278998899837230089998910-89193278998899837230089998910', 'nsnsnsnnsnssnnsns', '2022-04-18 23:59:45', '1271622021@qq.com', '124', '');

-- ----------------------------
-- Table structure for orderdata
-- ----------------------------
DROP TABLE IF EXISTS `orderdata`;
CREATE TABLE `orderdata` (
  `email` varchar(255) CHARACTER SET utf8mb4 COLLATE utf8mb4_0900_ai_ci DEFAULT NULL,
  `information` text CHARACTER SET utf8mb4 COLLATE utf8mb4_0900_ai_ci,
  `shop` varchar(255) DEFAULT NULL,
  `submit_time` datetime DEFAULT NULL,
  `arrive_time` datetime DEFAULT NULL,
  `ino` varchar(255) DEFAULT NULL,
  `horseman` varchar(255) DEFAULT NULL,
  `id` int NOT NULL,
  PRIMARY KEY (`id`)
) ENGINE=InnoDB DEFAULT CHARSET=utf8mb4 COLLATE=utf8mb4_0900_ai_ci;

-- ----------------------------
-- Records of orderdata
-- ----------------------------
INSERT INTO `orderdata` VALUES ('1056722426@qq.com', '鸡腿饭/13/1%16', '12345256@163.com', '2022-04-17 16:28:07', '2022-04-17 17:21:30', 'False', null, '1679368');
INSERT INTO `orderdata` VALUES ('1271622021@qq.com', '黄金鸡块/13.5/1%薯条/11/1%香辣鸡腿堡/18.5/1%奥尔良鸡腿堡/20/1%老北京鸡肉卷/19/1%85', '1234@qq.com', '2022-04-18 23:53:29', '2022-04-19 00:24:38', 'True', 'e@qq.com', '2458944');
INSERT INTO `orderdata` VALUES ('1379255913@qq.com', '黄金鸡块/13.5/7%97.5', '1234@qq.com', '2022-04-17 14:27:57', '2022-04-17 15:14:31', 'True', 'e@qq.com', '2524901');
INSERT INTO `orderdata` VALUES ('1056722426@qq.com', '黄金鸡块/13.5/1%奥尔良鸡腿堡/20/1%36.5', '1234@qq.com', '2022-04-17 16:27:02', '2022-04-17 16:52:25', 'True', 'e@qq.com', '2553895');
INSERT INTO `orderdata` VALUES ('1379255913@qq.com', '雪碧/2.5/5%15.5', 'sqsd@qq.com', '2022-04-17 14:07:57', '2022-04-17 14:25:48', 'False', null, '4625143');
INSERT INTO `orderdata` VALUES ('1379255913@qq.com', '麻辣香锅单人套餐/22/1%麻辣香锅双人套餐/45/1%加辣/0/3%70', '2765613758@qq.com', '2022-04-17 17:29:47', '2022-04-17 18:29:29', 'False', null, '8164689');
INSERT INTO `orderdata` VALUES ('1379255913@qq.com', '黄金鸡块/13.5/1%薯条/11/1%27.5', '1234@qq.com', '2022-04-16 17:58:07', '2022-04-16 18:50:10', 'True', 'e@qq.com', '8652329');
INSERT INTO `orderdata` VALUES ('1379255913@qq.com', '面/12/1%鸡腿饭/13/1%28', '12345256@163.com', '2022-04-16 18:04:47', '2022-04-16 18:29:51', 'False', null, '8763011');

-- ----------------------------
-- Table structure for ordermoney
-- ----------------------------
DROP TABLE IF EXISTS `ordermoney`;
CREATE TABLE `ordermoney` (
  `email` varchar(255) CHARACTER SET utf8mb4 COLLATE utf8mb4_0900_ai_ci DEFAULT NULL,
  `shop` varchar(255) DEFAULT NULL,
  `horseman` varchar(255) DEFAULT NULL,
  `submit_time` datetime DEFAULT NULL,
  `money_shop` varchar(255) CHARACTER SET utf8mb4 COLLATE utf8mb4_0900_ai_ci DEFAULT NULL,
  `money_horse` varchar(255) DEFAULT NULL,
  `id` int NOT NULL,
  PRIMARY KEY (`id`)
) ENGINE=InnoDB DEFAULT CHARSET=utf8mb4 COLLATE=utf8mb4_0900_ai_ci;

-- ----------------------------
-- Records of ordermoney
-- ----------------------------
INSERT INTO `ordermoney` VALUES ('1056722426@qq.com', '12345256@163.com', null, '2022-04-17 16:28:07', '13.0', '3', '1679368');
INSERT INTO `ordermoney` VALUES ('1271622021@qq.com', '1234@qq.com', 'e@qq.com', '2022-04-18 23:53:29', '82.0', '3', '2458944');
INSERT INTO `ordermoney` VALUES ('1379255913@qq.com', '1234@qq.com', 'e@qq.com', '2022-04-17 14:27:57', '94.5', '3', '2524901');
INSERT INTO `ordermoney` VALUES ('1056722426@qq.com', '1234@qq.com', 'e@qq.com', '2022-04-17 16:27:02', '33.5', '3', '2553895');
INSERT INTO `ordermoney` VALUES ('1379255913@qq.com', 'sqsd@qq.com', null, '2022-04-17 14:07:57', '12.5', '3', '4625143');
INSERT INTO `ordermoney` VALUES ('1379255913@qq.com', '2765613758@qq.com', null, '2022-04-17 17:29:47', '67.0', '3', '8164689');
INSERT INTO `ordermoney` VALUES ('1379255913@qq.com', '1234@qq.com', 'e@qq.com', '2022-04-16 17:58:07', '24.5', '123459.0', '8652329');
INSERT INTO `ordermoney` VALUES ('1379255913@qq.com', '12345256@163.com', null, '2022-04-16 18:04:47', '25.0', '3', '8763011');

-- ----------------------------
-- Table structure for shopdata
-- ----------------------------
DROP TABLE IF EXISTS `shopdata`;
CREATE TABLE `shopdata` (
  `email` varchar(255) CHARACTER SET utf8mb4 COLLATE utf8mb4_0900_ai_ci NOT NULL,
  `title` varchar(255) DEFAULT NULL,
  `price` varchar(255) DEFAULT NULL,
  `information` varchar(255) CHARACTER SET utf8mb4 COLLATE utf8mb4_0900_ai_ci DEFAULT NULL,
  `photo` varchar(255) DEFAULT NULL,
  `type` varchar(255) CHARACTER SET utf8mb4 COLLATE utf8mb4_0900_ai_ci NOT NULL,
  `likes` int DEFAULT NULL,
  `fav` int DEFAULT NULL,
  `repeats` int DEFAULT NULL,
  `movie` varchar(255) DEFAULT NULL,
  `id` int NOT NULL AUTO_INCREMENT,
  PRIMARY KEY (`id`)
) ENGINE=InnoDB AUTO_INCREMENT=33 DEFAULT CHARSET=utf8mb4 COLLATE=utf8mb4_0900_ai_ci;

-- ----------------------------
-- Records of shopdata
-- ----------------------------
INSERT INTO `shopdata` VALUES ('1234@qq.com', '黄金鸡块', '13.5', '1234567', '/static/img/2022012919252008.jpg', '0', '0', '0', '0', null, '1');
INSERT INTO `shopdata` VALUES ('1234@qq.com', '薯条', '11.0', '12345678', '/static/img/2022012919294763.jpg', '0', '0', '0', '0', null, '2');
INSERT INTO `shopdata` VALUES ('1234@qq.com', '老北京鸡肉卷', '19.0', '135323213535', '/static/img/2022020323161028.jpg', '2', '0', '0', '0', null, '3');
INSERT INTO `shopdata` VALUES ('1234@qq.com', '香辣鸡腿堡', '18.5', '拉爆', '/static/img/2022020323163940.jpg', '1', '0', '0', '0', null, '4');
INSERT INTO `shopdata` VALUES ('1234@qq.com', '奥尔良鸡腿堡', '20.0', '考堡', '/static/img/2022020323170327.jpg', '1', '0', '0', '0', null, '5');
INSERT INTO `shopdata` VALUES ('1234@qq.com', '二分', '11.0', '1234567', '/static/img/2022030313092002.jpg', '0', '0', '0', '0', '/static/movie/2022030313092000.mp4', '6');
INSERT INTO `shopdata` VALUES ('12345256@163.com', '面', '12.0', '好吃的面', '/static/img/2022041421570698.jpg', '0', '0', '0', '0', '', '8');
INSERT INTO `shopdata` VALUES ('12345256@163.com', '鸡腿饭', '13.0', '好吃的鸡腿饭', '/static/img/2022041513452799.jpg', '0', '0', '0', '0', '', '9');
INSERT INTO `shopdata` VALUES ('12345256@163.com', '馄饨', '10.0', '百年馄饨香,沙县请你尝', '/static/img/2022041513470349.jpg', '0', '0', '0', '0', '', '10');
INSERT INTO `shopdata` VALUES ('12345256@163.com', '饺子', '10.0', '好吃不过饺子', '/static/img/2022041513473036.jpg', '0', '0', '0', '0', '', '11');
INSERT INTO `shopdata` VALUES ('12345256@163.com', '太阳蛋', '2.0', '好吃的煎蛋', '/static/img/2022041513511351.jpg', '0', '0', '0', '0', '', '12');
INSERT INTO `shopdata` VALUES ('sqsd@qq.com', '雪碧', '2.5', '罐装雪碧', '/static/img/2022041514013428.jpg', '0', '0', '0', '0', '', '13');
INSERT INTO `shopdata` VALUES ('sqsd@qq.com', '可乐', '2.5', '可口可乐罐装', '/static/img/2022041514015467.jpg', '0', '0', '0', '0', '', '14');
INSERT INTO `shopdata` VALUES ('sqsd@qq.com', '荔枝', '15.0', '15.0元/公斤', '/static/img/2022041514024997.jpg', '2', '0', '0', '0', '', '15');
INSERT INTO `shopdata` VALUES ('sqsd@qq.com', '猕猴桃', '8.0', '8.0元/公斤', '/static/img/2022041514031709.jpg', '0', '0', '0', '0', '', '16');
INSERT INTO `shopdata` VALUES ('2765613758@qq.com', '麻辣香锅单人套餐', '22.0', '荤菜：鹌鹑蛋、五花肉片、火锅丸子、鱿鱼花、鱿鱼圈（5选3）素菜：生菜、娃娃菜、小青菜、金针菇、海带、油豆腐（6选3），菜量管够', '/static/img/2022041716471309.jpg', '0', '0', '0', '0', '', '18');
INSERT INTO `shopdata` VALUES ('2765613758@qq.com', '麻辣香锅双人套餐', '45.0', '荤菜：鹌鹑蛋、五花肉片、火锅丸子、鱿鱼圈、黑椒牛柳、撒尿牛丸、鸡胸肉条、王中王（8选4）素菜：生菜、娃娃菜、小青菜、金针菇、海带、油豆腐、老豆腐（7选4）', '/static/img/2022041716494012.jpg', '1', '0', '0', '0', '', '19');
INSERT INTO `shopdata` VALUES ('2765613758@qq.com', '加辣', '0.0', '原有基础上加辣椒', '/static/img/2022041716513245.jpg', '2', '0', '0', '0', '', '20');
INSERT INTO `shopdata` VALUES ('2765613758@qq.com', '不要辣', '0.0', '一点辣椒都不放', '/static/img/2022041716520827.jpg', '2', '0', '0', '0', '', '21');
INSERT INTO `shopdata` VALUES ('test2@qq.com', '测试菜品', '13.04', 'test', '/static/img/2022042313070492.jpg', '0', '0', '0', '0', '/static/movie/2022042313070451.mp4', '22');
INSERT INTO `shopdata` VALUES ('test2@qq.com', '测试菜品', '13.04', 'test', '/static/img/2022042313130940.jpg', '0', '0', '0', '0', '/static/movie/2022042313130995.mp4', '23');
INSERT INTO `shopdata` VALUES ('test2@qq.com', '测试菜品', '13.5', 'test', '/static/img/2022042313130949.jpg', '0', '0', '0', '0', '', '24');
INSERT INTO `shopdata` VALUES ('test2@qq.com', '测试菜品', '13.04', 'test', '/static/img/2022042720141158.jpg', '0', '0', '0', '0', '/static/movie/2022042720141116.mp4', '25');
INSERT INTO `shopdata` VALUES ('test2@qq.com', '测试菜品', '13.5', 'test', '/static/img/2022042720141137.jpg', '0', '0', '0', '0', '', '26');
INSERT INTO `shopdata` VALUES ('test2@qq.com', '测试菜品', '13.04', 'test', '/static/img/2022042720142563.jpg', '0', '0', '0', '0', '/static/movie/2022042720142552.mp4', '27');
INSERT INTO `shopdata` VALUES ('test2@qq.com', '测试菜品', '13.5', 'test', '/static/img/2022042720142554.jpg', '0', '0', '0', '0', '', '28');
INSERT INTO `shopdata` VALUES ('test2@qq.com', '测试菜品', '13.04', 'test', '/static/img/2022042720225467.jpg', '0', '0', '0', '0', '/static/movie/2022042720225499.mp4', '29');
INSERT INTO `shopdata` VALUES ('test2@qq.com', '测试菜品', '13.5', 'test', '/static/img/2022042720225491.jpg', '0', '0', '0', '0', '', '30');
INSERT INTO `shopdata` VALUES ('test2@qq.com', '测试菜品', '13.04', 'test', '/static/img/2022042720462405.jpg', '0', '0', '0', '0', '/static/movie/2022042720462480.mp4', '31');
INSERT INTO `shopdata` VALUES ('test2@qq.com', '测试菜品', '13.5', 'test', '/static/img/2022042720462483.jpg', '0', '0', '0', '0', '', '32');

-- ----------------------------
-- Table structure for shoptags
-- ----------------------------
DROP TABLE IF EXISTS `shoptags`;
CREATE TABLE `shoptags` (
  `email` varchar(128) CHARACTER SET utf8mb4 COLLATE utf8mb4_0900_ai_ci NOT NULL,
  `tag` varchar(30) CHARACTER SET utf8mb4 COLLATE utf8mb4_0900_ai_ci NOT NULL,
  `id` int NOT NULL AUTO_INCREMENT,
  PRIMARY KEY (`id`)
) ENGINE=InnoDB AUTO_INCREMENT=43 DEFAULT CHARSET=utf8mb4 COLLATE=utf8mb4_0900_ai_ci;

-- ----------------------------
-- Records of shoptags
-- ----------------------------
INSERT INTO `shoptags` VALUES ('1234@qq.com', '早餐', '15');
INSERT INTO `shoptags` VALUES ('1234@qq.com', '午餐', '16');
INSERT INTO `shoptags` VALUES ('1234@qq.com', '晚餐', '17');
INSERT INTO `shoptags` VALUES ('1234@qq.com', '夜宵', '18');
INSERT INTO `shoptags` VALUES ('12345256@163.com', '早餐', '23');
INSERT INTO `shoptags` VALUES ('12345256@163.com', '午餐', '24');
INSERT INTO `shoptags` VALUES ('12345256@163.com', '晚餐', '25');
INSERT INTO `shoptags` VALUES ('sqsd@qq.com', '水果', '26');
INSERT INTO `shoptags` VALUES ('sqsd@qq.com', '超市', '27');
INSERT INTO `shoptags` VALUES ('2691959315@qq.com', '早餐', '28');
INSERT INTO `shoptags` VALUES ('2691959315@qq.com', '超市', '29');
INSERT INTO `shoptags` VALUES ('123456@qq.com', '早餐', '32');
INSERT INTO `shoptags` VALUES ('test2@qq.com', '早餐', '42');

-- ----------------------------
-- Table structure for shoptype
-- ----------------------------
DROP TABLE IF EXISTS `shoptype`;
CREATE TABLE `shoptype` (
  `email` varchar(255) NOT NULL,
  `type0` varchar(255) DEFAULT NULL,
  `type1` varchar(255) DEFAULT NULL,
  `type2` varchar(255) DEFAULT NULL,
  `type3` varchar(255) DEFAULT NULL,
  `type4` varchar(255) DEFAULT NULL,
  `type5` varchar(255) DEFAULT NULL,
  `type6` varchar(255) DEFAULT NULL,
  `type7` varchar(255) DEFAULT NULL,
  `type8` varchar(255) DEFAULT NULL,
  `type9` varchar(255) DEFAULT NULL,
  PRIMARY KEY (`email`)
) ENGINE=InnoDB DEFAULT CHARSET=utf8mb4 COLLATE=utf8mb4_0900_ai_ci;

-- ----------------------------
-- Records of shoptype
-- ----------------------------
INSERT INTO `shoptype` VALUES ('1147504642@qq.com', '鸡翅', '鸡腿', '鸡屁股', '鸡胸', '鸡块', '炸鸡', '童子鸡', '烤鸡', '鸡头', '鸡羽毛');
INSERT INTO `shoptype` VALUES ('1234@qq.com', '小吃', '主食', '', '', '', '', '', '', '', '');
INSERT INTO `shoptype` VALUES ('12345256@163.com', '主食', '辅料', '小吃', '饮料', '', '', '', '', '', '');
INSERT INTO `shoptype` VALUES ('2691959315@qq.com', '', '', '', '', '', '', '', '', '', '');
INSERT INTO `shoptype` VALUES ('2765613758@qq.com', '单人套餐', '双人套餐', '辣度调整', '加饭/不要米饭', '', '', '', '', '', '');
INSERT INTO `shoptype` VALUES ('sqsd@qq.com', '饮料', '百货', '水果', '', '', '', '', '', '', '');
INSERT INTO `shoptype` VALUES ('test2@qq.com', '', '', '', '', '', '', '', '', '', '');

-- ----------------------------
-- Table structure for test
-- ----------------------------
DROP TABLE IF EXISTS `test`;
CREATE TABLE `test` (
  `name` varchar(255) CHARACTER SET utf8mb4 COLLATE utf8mb4_0900_ai_ci NOT NULL,
  `id` int DEFAULT NULL,
  `inf` varchar(255) DEFAULT NULL,
  PRIMARY KEY (`name`)
) ENGINE=InnoDB DEFAULT CHARSET=utf8mb4 COLLATE=utf8mb4_0900_ai_ci;

-- ----------------------------
-- Records of test
-- ----------------------------
INSERT INTO `test` VALUES ('asd', '123', 'efe');

-- ----------------------------
-- Table structure for userinformation
-- ----------------------------
DROP TABLE IF EXISTS `userinformation`;
CREATE TABLE `userinformation` (
  `email` varchar(128) NOT NULL,
  `nickname` varchar(100) CHARACTER SET utf8 COLLATE utf8_general_ci DEFAULT '未设置昵称',
  `password` varchar(128) NOT NULL,
  `type` int DEFAULT '0',
  `create_time` datetime NOT NULL DEFAULT '1999-09-09 09:09:09',
  `phone` varchar(128) DEFAULT NULL,
  `address` varchar(255) DEFAULT NULL,
  `information` varchar(255) CHARACTER SET utf8mb4 COLLATE utf8mb4_0900_ai_ci DEFAULT NULL,
  `photo` varchar(255) DEFAULT NULL,
  `num` int NOT NULL DEFAULT '0',
  PRIMARY KEY (`email`)
) ENGINE=InnoDB DEFAULT CHARSET=utf8mb4 COLLATE=utf8mb4_0900_ai_ci;

-- ----------------------------
-- Records of userinformation
-- ----------------------------
INSERT INTO `userinformation` VALUES ('1056722426@qq.com', '青云之志', 'pbkdf2:sha256:260000$7zSG1ojm$7803589d5e3c4e23b103afc477735eea479f2ad98f7491f440699ce11158372f', '0', '2022-04-17 16:24:07', '15268019939', '浙江省舟山市普陀区沈家门街道戚家湾路3弄3幢306室', '', '/static/img/None.jpg', '0');
INSERT INTO `userinformation` VALUES ('1147504642@qq.com', '疯狂星期四', 'pbkdf2:sha256:260000$MSh4T2LD$45d9fcfb1767b47819d9f6d6aa30fdea24ec09bd6ae5f1532800d06b8172d63c', '1', '2022-03-31 18:48:15', '13059886006', 'kfc', '', '/static/img/None.jpg', '0');
INSERT INTO `userinformation` VALUES ('1234@qq.com', '肯德基', 'pbkdf2:sha256:260000$F2D5J95v$1a486cb90dcfd40733a4eb439391d5a1d76eed16df088215dcd67a7913611cf3', '1', '2022-01-25 20:32:32', '122344556', '浙江省安吉县地铺镇桃园老区31号', '“生活如此多娇” “尽情自在肯德基”', '/static/img/2022012916132440.jpg', '4');
INSERT INTO `userinformation` VALUES ('12345256@163.com', '沙县小吃', 'pbkdf2:sha256:260000$0TcflUnq$d921671108708ab6cf7a2d5265e26c223ee099a0f8be93e6cce817d6ae85c49f', '1', '2022-01-29 16:05:29', '15682353202', '河南省商水县李埠口乡郭河村九组', '沙县小吃源远流长，历史悠久，起源于夏商周、晋、宋中原黄河流域中华饮食文化，在民间具有浓厚的历史文化基础，尤以品种繁多风味独特和经济实惠著称。', '/static/img/2022012916071359.jpg', '2');
INSERT INTO `userinformation` VALUES ('123456@126.com', '取名好难', 'pbkdf2:sha256:260000$k7GULtL3$8f6ba8765236071bb25a0cb89a258d76fba964ea720367f3cc3bb4cabc0ba7bd', '0', '2022-04-18 23:35:22', '1234567890', '杭州', '', '/static/img/None.jpg', '0');
INSERT INTO `userinformation` VALUES ('123456@qq.com', 'test2', 'pbkdf2:sha256:260000$h8pIaC6p$7433a02c12f5af902f7fcfd8b3e3c24862abb6767b5f97c6412c7c0df7fbe8d7', '1', '2022-04-18 23:46:13', '123456', '1234562', 'cee', '/static/img/None.jpg', '0');
INSERT INTO `userinformation` VALUES ('123456789@qq.com', '永和大王', 'pbkdf2:sha256:260000$aDO0wt13$ce001d01d442ca7ae1e92069b36c48b91d19bbad6ed0c6f82adbe0defa628d7c', '1', '2022-01-29 16:09:54', '15268520865', '浙江省永康市西溪镇西山村下马6号', '多年来，永和大王坚守对食品安全的零容忍，从产品的源头开发到餐厅操作，都进行系统化管理，坚持每一个产品的黄金标准，加强餐厅的服务训练，不断优化系统和操作流程，实现产品品质一致性。', '/static/img/2022012916103723.jpg', '0');
INSERT INTO `userinformation` VALUES ('1271622021@qq.com', 'BZZZZ', 'pbkdf2:sha256:260000$lfs7DsAW$3722d10871e3b416dded3620ff8c18c2a722b7ce421770e66ef9e1eac3e7a674', '0', '2022-04-18 23:51:58', '10086', '地球', '', '/static/img/None.jpg', '0');
INSERT INTO `userinformation` VALUES ('1379255913@qq.com', 'zyy1234567', 'pbkdf2:sha256:260000$MZB3wp2S$02f22f0f07b03162fc5db11f3b7637f84238453e928830753c2bc0156ff93bc4', '0', '2022-01-24 21:52:42', '187680757054', 'Fzua', '12345678', '/static/img/2022042222102185.jpg', '0');
INSERT INTO `userinformation` VALUES ('1669164701@qq.com', '吴彦祖秃顶版', 'pbkdf2:sha256:260000$6SBruwsg$61ad8d8551eda3b76d97b9022d640b7fb326dd8dc01dbd46c07ae7e52cd44d22', '0', '2022-03-31 18:53:17', '1', '1', '', '/static/img/None.jpg', '0');
INSERT INTO `userinformation` VALUES ('2691959315@qq.com', 'zzzzzjh', 'pbkdf2:sha256:260000$8PsKWWgk$02f54ebab72d02c30da2528bf05b6e6a97799a7e498518806ed1c74c9559e908', '1', '2022-04-15 20:34:12', '11111111111', '123#1', 'hello world', '/static/img/2022041520364926.jpg', '0');
INSERT INTO `userinformation` VALUES ('2691959316@qq.com', 'zzzzzjh', 'pbkdf2:sha256:260000$D6IJdrBd$c2f4d1a2141bc17bae11f3ad93083ae633c42d230aba4bf6399f11f8651e80fb', '0', '2022-04-15 20:40:46', '11111111111', '123#1', '', '/static/img/None.jpg', '0');
INSERT INTO `userinformation` VALUES ('2765613758@qq.com', '重庆麻辣香锅', 'pbkdf2:sha256:260000$AmyRF1g4$b2e6ed32861a15e36285b2ca0a0064f264e54eaaf83ba61027362e0c2730f367', '1', '2022-04-17 16:35:33', '15268019939', '浙江省舟山市普陀区沈家门街道戚家湾路3弄3幢306室', '', '/static/img/None.jpg', '1');
INSERT INTO `userinformation` VALUES ('2950422402@qq.com', 'zyy', 'pbkdf2:sha256:260000$a3hC4YE7$c6bd8064e7d32f3cff09a5818e78268f86eafcdc291fa8c6645627d24f932cb6', '1', '2022-01-25 20:31:34', '18768075734', 'aet', '欢迎光临本店,本店新开张,诚 信经营,只赚信誉不赚钱,谢谢', '/static/img/None.jpg', '0');
INSERT INTO `userinformation` VALUES ('2950422403@qq.com', 'zyy123', 'pbkdf2:sha256:260000$Wogvk84E$9ff359cf1e03a1f758743df899898744e736b472d9a6665da016e16a0bc3da13', '0', '2022-01-25 20:04:13', '15957068485', 'adg', '', '/static/img/None.jpg', '0');
INSERT INTO `userinformation` VALUES ('admin@qq.com', 'admin', 'pbkdf2:sha256:50000$LIlHYeuv$bcd5db7f38cadf7b9e6939f97ad5e6786805a88ed0682c706938ddbfe05e40ea', '3', '2022-03-12 19:39:01', 'None', 'None', '', '/static/img/None.jpg', '0');
INSERT INTO `userinformation` VALUES ('e@qq.com', 'zyy343', 'pbkdf2:sha256:260000$mZhjU2PT$6d192f18a2991af3c6b644c3778cad00992cd8a11e2b7ca1cdc3c512b781a934', '2', '2022-01-25 20:33:04', '1234', '123', '', '/static/img/None.jpg', '0');
INSERT INTO `userinformation` VALUES ('sqsd@qq.com', '社区商店', 'pbkdf2:sha256:260000$tF6gK59K$d9087d2bba7eb5462526356c77d8d233c7b190f2edf80e7af697e70a73ffdbb0', '1', '2022-04-15 13:56:26', '15682353223', '保定市建国路25号', '社区便利店', '/static/img/2022041514003715.jpg', '1');
INSERT INTO `userinformation` VALUES ('test@qq.com', 'test', 'pbkdf2:sha256:260000$fLgh0GiD$31f8fd7120c8df4d506294951cf5aa93d0c77c76218b42c679b02799999a65ec', '0', '2022-04-15 22:04:55', '12345678', 'aoe', 'aoe1', '/static/img/2022042720462327.jpg', '0');
INSERT INTO `userinformation` VALUES ('test2@qq.com', 'test2', 'pbkdf2:sha256:260000$pY0zoZGX$7f291e55b67db39422aa3045b9b54f2f82d62baec535956f78c00dc9669c3638', '1', '2022-04-23 11:33:21', '12345678', 'test2', 'test2', '/static/img/2022042720462350.jpg', '0');
